{
  "generated": "2025-06-18T00:02:51.942Z",
  "totalImages": 1,
  "totalOriginalSize": 1319995,
  "totalOptimizedSize": 520694,
  "compressionRatio": 60.55333542930087,
  "images": [
    {
      "path": "ComfyUI_00305_.png",
      "originalSize": 1319995,
      "optimizedSizes": {
        "png": 437766,
        "webp": 82928
      },
      "totalOptimizedSize": 520694,
      "compressionRatio": "60.55",
      "dimensions": {
        "width": 800,
        "height": 600
      },
      "aspectRatio": 1.3333333333333333,
      "formats": [
        "png",
        "webp"
      ]
    }
  ]
}