{
  "generated": "2025-06-17T23:59:51.640Z",
  "totalImages": 1,
  "totalOriginalSize": 1389034,
  "totalOptimizedSize": 582118,
  "compressionRatio": 58.09188256011012,
  "images": [
    {
      "path": "ComfyUI_00305_.png",
      "originalSize": 1389034,
      "optimizedSizes": {
        "png": 483538,
        "webp": 98580
      },
      "totalOptimizedSize": 582118,
      "compressionRatio": "58.09",
      "dimensions": {
        "width": 800,
        "height": 600
      },
      "aspectRatio": 1.3333333333333333,
      "formats": [
        "png",
        "webp"
      ]
    }
  ]
}